Designator,Footprint,Quantity,Value,LCSC Part #
A1,PCB_ANT,1,PCB Antenna,-
"C1, C13, C14, C17, C18, C2, C20, C21, C23, C26, C27, C31, C34, C4, C46, C50, C52",0402,17,0.1uF,C6119799
"C10, C9",0402,2,1.2pF,C880658
"C11, C15, C22, C24, C25, C44, C45, C47, C51",0402,9,10uF,C23692971
"C12, C16, C19, C3, C6",0402,5,1uF,C2887021
"C28, C32",CP_Radial_D10.0mm_P5.00mm,2,1000uF,C503217
"C29, C5",0402,2,10nF,C688874
C30,CP_Radial_D5.0mm_P2.00mm,1,1uF,C2960204
"C33, C37",CP_Radial_D8.0mm_P3.80mm,2,470uF,C7499907
"C35, C36",CP_Radial_D18.0mm_P7.50mm,2,100uF,C2843909
"C38, C39",CP_Radial_D16.0mm_P7.50mm,2,2.2uF,C711636
C40,2220,1,0.1uF 275VAC,C5290327
"C41, C42",2220,2,0.1uF,C5290327
C43,0603,1,10nF,C100042
"C48, C49, C53, C54",0402,4,22uF,C415703
"C7, C8",0402,2,6pF,C437443
CHOKE1,Choke_Schaffner_RN216-04-15.5x23.0mm,1,2MH 10A,C2831473
"D1, D3, D4",D_SOD-923,3,ESD9B3.3ST5G,C5180230
"D10, D11, D12, D13",D_DO-15_P3.81mm_Vertical_KathodeUp,4,HER207,C31251
"D14, D15, D16, D17",D_DO-15_P3.81mm_Vertical_KathodeUp,4,IN4148,C402212
D18,Diode_Bridge_Vishay_GBU,1,GBU406,C5632681
D2,LED_SK6812_PLCC4_5.0x5.0mm_P3.2mm,1,SK6812,C5380881
D5,D_DO-41_SOD81_P10.16mm_Horizontal,1,1N5819,C110032
"D6, D7, D9",0603,3,LED,C7501578
J1,USB_C_Receptacle_G-Switch_GT-USB-7010ASV,1,USB_C_Receptacle_USB2.0_14P,C2765186
J10,JST_EH_B2B-EH-A_1x02_P2.50mm_Vertical,1,UART JST,-
J11,USB_A_Molex_67643_Horizontal,1,USB_A,C591765
J12,USB_C_C783299,1,USB_C_Receptacle_USB2.0_14P,C783299
J2,JST_EH_B6B-EH-A_1x06_P2.50mm_Vertical,1,SPI JST,-
J3,PinHeader_1x03_P2.54mm_Vertical,1,Input Switch,-
J4,TerminalBlock_MaiXu_MX126-5.0-02P_1x02_P5.00mm,1,12V Battery Input,C8269
J5,PinHeader_1x02_P2.54mm_Vertical,1,Fan Connector,-
J6,TerminalBlock_MaiXu_MX126-5.0-02P_1x02_P5.00mm,1,AC Outlet,C8269
J7,PinHeader_1x17_P2.54mm_Vertical,1,EGS002,-
J8,JST_EH_B2B-EH-A_1x02_P2.50mm_Vertical,1,I2C JST,-
J9,JST_EH_B4B-EH-A_1x04_P2.50mm_Vertical,1,POWER JST,-
L1,0402,1,2.0nH,C76769
L2,0402,1,2.4nH,C913678
L3,L_Toroid_Vertical_L48.8mm_W25.4mm_P20.80mm_Vishay_TJ8,1,2.5MH 10A,"https://www.aliexpress.com/item/4000988099187.html?spm=a2g0o.detail.pcDetailTopMoreOtherSeller.10.e1f1jGGejGGeEN&gps-id=pcDetailTopMoreOtherSeller&scm=1007.40196.439370.0&scm_id=1007.40196.439370.0&scm-url=1007.40196.439370.0&pvid=5cb19029-dada-4713-9457-14a666d54671&_t=gps-id:pcDetailTopMoreOtherSeller,scm-url:1007.40196.439370.0,pvid:5cb19029-dada-4713-9457-14a666d54671,tpp_buckets:668%232846%238112%231997&pdp_ext_f=%7B%22order%22%3A%2220%22%2C%22eval%22%3A%221%22%2C%22sceneId%22%3A%2230050%22%7D&pdp_npi=6%40dis%21CAD%2125.89%2118.02%21%21%21130.75%2191.00%21%402101e9ec17560108443401272ec693%2110000013202421516%21rec%21CA%21%21ABXZ%211%210%21n_tag%3A-29910%3Bd%3Ad80ca590%3Bm03_new_user%3A-29895%3BpisId%3A5000000174217245&utparam-url=scene%3ApcDetailTopMoreOtherSeller%7Cquery_from%3A%7Cx_object_id%3A4000988099187%7C_p_origin_prod%3A"
L4,0402,1,4.7uH,C18221128
L5,0603,1,3.9uH,C22447690
"Q1, Q2, Q7",SOT-23,3,SS8050,C2834467
"Q10, Q11, Q8, Q9",TO-247-3_Vertical,4,FGH40N65,C472600
"Q12, Q13",TO-92_Inline,2,S8050,C2931492
"Q3, Q4, Q5, Q6",TO-220-3_Vertical,4,IRF3205,C19189952
"R1, R10, R15, R16, R17, R2, R21, R22, R3, R4, R5, R62",0402,12,0,C106231
R11,0402,1,47.5K,C25896
R12,0402,1,22.1K,C163478
"R13, R54, R55",0402,3,1K,C11702
"R14, R7",0402,2,10K(NC),C60490
"R18, R19, R56, R57, R64, R65, R9",0402,7,10K,C60490
R20,0402,1,0R,C106231
"R23, R53",0603,2,2m,https://www.digikey.ca/en/products/detail/panasonic-electronic-components/ERJ-3GEYJ205V/135859
R24,0402,1,3.3K,C137992
"R25, R26, R58, R60",0402,4,5.1K,C25905
"R27, R28, R29, R30, R33, R35, R37",0603,7,10K,C161787
R31,0603,1,33K,C2907028
"R32, R44, R46, R48, R49",0603,5,10R,C109318
"R34, R36",0603,2,5.1R,C2907045
"R38, R39",2512,2,SHUNT,C469426
"R40, R45, R47, R50, R51",0603,5,5.6K,C2907046
"R41, R42",0603,2,100K 1/2W,C491207
R43,0402,1,2K,C4109
R52,0603,1,4.7R,C137705
"R59, R61",0402,2,220R,C2909336
R6,0402,1,499,C137970
R8,0402,1,24nH,C404641
RV1,Potentiometer_Bourns_3296W_Vertical,1,10K,C118954
"SW1, SW2, SW4, SW5",SW_SPST_PTS810,4,SW_Push,C221895
T1,Transformer_CHK_EI54-12VA_Neutral,1,E55,-
U1,QFN56_7X7_EXP,1,ESP32-S3,https://www.digikey.ca/en/products/detail/espressif-systems/ESP32-S3FH4R2/17887524?s=N4IgTCBcDaIKIGUAKBmMBaBKBiAJALAEoQC6AvkA
U10,TSOT-23-6,1,AP63203WU,C780769
U11,TSOT-23-6,1,AP63205WU,C2071056
U2,SOIC-8_5.3x5.3mm_P1.27mm,1,W25Q128JVS,C113767
U3,QFN-28-1EP_5x5mm_P0.5mm_EP3.35x3.35mm,1,CP2102N-Axx-xQFN28,C964632
U4,SOT-223-3_TabPin2,1,LD1117S18TR_SOT223,C19627011
U5,SOP-16_3.9x9.9mm_P1.27mm,1,SG3525,C7598682
U6,TO-220-3_Vertical,1,L7812,C2914
U7,TO-220-3_Vertical,1,L7805,C3795
"U8, U9",SOT-23-8,2,INA219BxDCN,C962069
Y1,Crystal_SMD_3225-4Pin_3.2x2.5mm,1,40MHz +/-10PPM 8pF,C7294596
